Nombre,Factor,Categoria,Indice-H,Cantidad-articulos-ultimo,Cantidad-articulos-ultimos-tres,Enlace,ISSN,Homologacion
"Earth, Moon and Planets",0.271 ,Q4,38,7,44,http://www.springer.com/astronomy/journal/11038,Sin informacion,No
Astropolitics,0.269 ,Q4,8,15,43,http://www.informaworld.com/smpp/title~content=t713634457~db=all,1477-7622/1557-2943,A2
Journal of Spectroscopy,0.259 ,Q4,16,50,217,https://www.hindawi.com/journals/jspec/,2314-4920/2314-4939,B
High Temperature Materials and Processes,0.257 ,Q4,20,101,350,http://www.freundpublishing.com/JOURNALS/materials_science_and_engineering.htm,0334-6455/2191-0324,B
Journal of Applied Mechanics and Technical Physics,0.255 ,Q4,22,140,440,http://www.springer.com/new+%26+forthcoming+titles+%28default%29/journal/10808,0021-8944/1573-8620,B
Journal of Applied Optics,0.255 ,Q4,8,178,466,http://www.opticsjournal.net/Journals/yygx.htm,1002-2082,C
Applied Computational Electromagnetics Society Journal,0.250 ,Q4,28,295,591,https://aces-society.org/journal.php,1054-4887/1943-5711,B
Fuhe Cailiao Xuebao/Acta Materiae Compositae Sinica,0.247 ,Q4,24,337,1146,http://en.cnki.com.cn/Journal_en/B-B020-FUHE.htm,Sin informacion,No
Micro and Nano Letters,0.245 ,Q4,29,302,787,http://ieeexplore.ieee.org/xpl/RecentIssue.jsp?punumber=11102,1750-0443,B
International Journal of Nanotechnology,0.241 ,Q4,33,35,274,http://www.inderscience.com/browse/index.php?journalID=54,1475-7435/1741-8151,B
International Journal of Modern Physics B,0.240 ,Q4,71,470,1283,http://www.worldscinet.com/ijmpb/ijmpb.shtml,0217-9792/1793-6578,C
Materialwissenschaft und Werkstofftechnik,0.240 ,Q4,36,148,401,http://www3.interscience.wiley.com/journal/60500231/home,0933-5137/1521-4052,B
Macromolecular Symposia,0.239 ,Q4,74,150,450,http://www3.interscience.wiley.com/journal/60500249/home,Sin informacion,No
"Ferroelectrics, Letters Section",0.236 ,Q4,17,14,30,http://www.tandf.co.uk/journals/titles/07315171.asp,Sin informacion,No
Integrated Ferroelectrics,0.235 ,Q4,37,199,589,http://www.informaworld.com/smpp/title~content=t713618055~db=all,1058-4587/1607-8489,B
Journal of Nanoscience and Nanotechnology (discontinued),0.235 ,Q4,101,0,3741,https://www.scimagojr.com/journalsearch.php?q=28546&tip=sid&clean=0,Sin informacion,No
Journal of Optics (India),0.234 ,Q4,14,82,193,https://www.springer.com/journal/12596,Sin informacion,No
Materials Research Innovations,0.234 ,Q4,45,91,209,http://www.springer.com/materials/characterization+%26+evaluation/journal/10019,1432-8917/1433-075X,B
Physical Chemistry Research,0.234 ,Q4,9,54,171,http://www.physchemres.org/,2322-5521/2345-2625,B
Electromagnetics,0.233 ,Q4,32,46,139,https://www.tandfonline.com/toc/uemg20/current,0272-6343/1532-527X,B
IEICE Electronics Express,0.233 ,Q4,34,196,918,http://www.elex.ieice.org/,1349-2543,B
Powder Metallurgy and Metal Ceramics,0.233 ,Q4,21,92,274,http://www.springer.com/materials/characterization+%26+evaluation/journal/11106,1068-1302/1573-9066,B
Optica Applicata,0.232 ,Q4,26,44,169,http://www.if.pwr.wroc.pl/~optappl/about.php,0078-5466/1899-7015,C
Progress In Electromagnetics Research M,0.232 ,Q4,29,216,641,http://www.jpier.org/PIERM/,1937-8726,C
Applied Rheology,0.231 ,Q4,27,3,75,http://www.ar.ethz.ch/,1430-6395/1617-8106,B
Radiation and Risk,0.231 ,Q4,4,44,121,http://www.radiation-and-risk.com/en/,0131-3878/2412-950X,C
Digest Journal of Nanomaterials and Biostructures,0.229 ,Q4,40,83,387,http://www.chalcogen.ro/index.php/journals/digest-journal-of-nanomaterials-and-biostructures,1842-3582,B
Spectroscopy Europe,0.229 ,Q4,22,14,92,http://www3.interscience.wiley.com/journal/60500248/home,0966-0941,C
Optoelectronics Letters,0.226 ,Q4,17,99,331,http://www.springer.com/physics/optics+%26+lasers/journal/11801,1673-1905/1993-5013,B
Journal of Fusion Energy,0.221 ,Q4,28,46,188,http://www.springer.com/new+%26+forthcoming+titles+%28default%29/journal/10894,0164-0313/1572-9591,B
He Jishu/Nuclear Techniques,0.220 ,Q4,12,165,503,http://www.speciation.net/Appl/Literature/Source/sources.html?id=512&PHPSESSID=b7ea8bb1002e9c72430ca0d6c4a59adc,Sin informacion,No
Microelectronics International,0.220 ,Q4,20,32,84,http://www.emeraldgrouppublishing.com/products/journals/journals.htm?id=mi,1356-5362/1758-812X,B
Nukleonika,0.220 ,Q4,21,18,138,https://www.scimagojr.com/journalsearch.php?q=12701&tip=sid&clean=0,0029-5922/1508-5791,B
Zhongnan Daxue Xuebao (Ziran Kexue Ban)/Journal of Central South University (Science and Technology),0.219 ,Q4,27,362,1395,http://www.ceps.com.tw/ec/ecJnlIntro.aspx?Jnliid=1584,Sin informacion,No
Qiangjiguang Yu Lizishu/High Power Laser and Particle Beams,0.218 ,Q4,25,210,1097,https://www.scimagojr.com/journalsearch.php?q=13183&tip=sid&clean=0,Sin informacion,No
Defect and Diffusion Forum,0.216 ,Q4,30,157,734,https://www.scientific.net/DDF/Details,Sin informacion,No
Hongwai Yu Haomibo Xuebao/Journal of Infrared and Millimeter Waves,0.216 ,Q4,26,122,372,http://www.springer.com/engineering/electronics/journal/10762,Sin informacion,No
Ad-Hoc and Sensor Wireless Networks,0.215 ,Q4,20,31,169,https://www.oldcitypublishing.com/journals/ahswn-home/,Sin informacion,No
IEEE Journal of Radio Frequency Identification,0.215 ,Q4,2,0,2,https://www.scimagojr.com/journalsearch.php?q=21100889708&tip=sid&clean=0,2469-7281,B
Journal of Imaging Science and Technology,0.214 ,Q4,41,66,171,http://scitation.aip.org/dbt/dbt.jsp?KEY=JIMTE6&Volume=LASTVOL&Issue=LASTISS,1062-3701/1943-3522,B
Journal of Optoelectronics and Advanced Materials,0.214 ,Q4,46,86,378,http://inoe.inoe.ro/JOAM/Journal.html,1454-4164/1841-7132,B
Journal of Nano- and Electronic Physics,0.213 ,Q4,15,212,697,https://www.scimagojr.com/journalsearch.php?q=21100210917&tip=sid&clean=0,Sin informacion,No
Surface Science Spectra,0.213 ,Q4,12,48,55,https://www.scimagojr.com/journalsearch.php?q=9500154151&tip=sid&clean=0,1055-5269,B
Wuli Xuebao/Acta Physica Sinica,0.213 ,Q4,45,796,2625,http://wlxb.periodicals.net.cn/default.html,Sin informacion,No
"Iranian Journal of Science and Technology, Transaction A: Science",0.212 ,Q4,17,323,439,https://www.springer.com/journal/40995,Sin informacion,No
Jiliang Xuebao/Acta Metrologica Sinica,0.212 ,Q4,14,186,493,http://jlxb.china-csm.org:81/Jwk_jlxb/EN/volumn/current.shtml,Sin informacion,No
Problems of Atomic Science and Technology,0.212 ,Q4,13,233,671,https://www.scimagojr.com/journalsearch.php?q=19700182270&tip=sid&clean=0,1682-9344,B
Tribology and Lubrication Technology,0.212 ,Q4,24,88,360,https://www.scimagojr.com/journalsearch.php?q=30360&tip=sid&clean=0,Sin informacion,No
Guangzi Xuebao/Acta Photonica Sinica,0.211 ,Q4,23,297,1033,http://www.opticsjournal.net/gzxb.htm,Sin informacion,No
Jisuan Wuli/Chinese Journal of Computational Physics,0.211 ,Q4,14,83,262,https://www.scimagojr.com/journalsearch.php?q=90906&tip=sid&clean=0,Sin informacion,No
Nonlinear Phenomena in Complex Systems,0.211 ,Q4,10,46,130,https://www.scimagojr.com/journalsearch.php?q=19700200801&tip=sid&clean=0,1561-4085/1817-2458,C
Physical Sciences Reviews,0.210 ,Q4,5,226,70,https://www.scimagojr.com/journalsearch.php?q=21100940940&tip=sid&clean=0,2365-659X,B
Ukrainian Journal of Physical Optics,0.210 ,Q4,15,22,68,http://www.ifo.lviv.ua/journal/index.html,1609-1833/1816-2002,C
Molecular Crystals and Liquid Crystals,0.209 ,Q4,49,170,1198,http://www.informaworld.com/smpp/title~content=t713644168~db=all,1542-1406/1543-5318,B
Measurement and Control,0.208 ,Q4,20,141,96,https://www.scimagojr.com/journalsearch.php?q=15502&tip=sid&clean=0,0020-2940/2051-8730,B
Radiophysics and Quantum Electronics,0.208 ,Q4,23,76,493,http://www.springer.com/astronomy/journal/11141,0033-8443/1573-9120,B
Russian Microelectronics,0.208 ,Q4,16,76,255,http://www.springer.com/engineering/electronics/journal/11180,1063-7397/1608-3415,B
Zhongguo Youse Jinshu Xuebao/Chinese Journal of Nonferrous Metals,0.208 ,Q4,30,248,911,https://www.scimagojr.com/journalsearch.php?q=28941&tip=sid&clean=0,Sin informacion,No
Journal of Computational Multiphase Flows,0.207 ,Q4,14,0,52,https://www.scimagojr.com/journalsearch.php?q=19700186835&tip=sid&clean=0,1757-482X,A2
Magnetic Resonance in Solids,0.207 ,Q4,7,37,37,https://www.scimagojr.com/journalsearch.php?q=21100223804&tip=sid&clean=0,2072-5981,C
Nippon Kinzoku Gakkaishi/Journal of the Japan Institute of Metals,0.207 ,Q4,28,64,278,https://www.scimagojr.com/journalsearch.php?q=12306&tip=sid&clean=0,Sin informacion,No
Advanced Electromagnetics,0.206 ,Q4,11,63,161,https://aemjournal.org/index.php/AEM,2119-0275,B
IEEE Electromagnetic Compatibility Magazine,0.206 ,Q4,13,35,127,https://www.scimagojr.com/journalsearch.php?q=21100337901&tip=sid&clean=0,Sin informacion,No
International Journal of Optics,0.206 ,Q4,16,35,67,https://www.scimagojr.com/journalsearch.php?q=19700188445&tip=sid&clean=0,1687-9384/1687-9392,C
Defence Science Journal,0.205 ,Q4,30,91,294,http://publications.drdo.gov.in/ojs/index.php/dsj/index,0011-748X/0976-464X,B
Mechanika,0.205 ,Q4,21,64,302,http://mechanika.ktu.lt/index.php/Mech,1392-1207/2029-6983,C
Reneng Dongli Gongcheng/Journal of Engineering for Thermal Energy and Power,0.204 ,Q4,14,245,763,http://ores.su/en/authors/,Sin informacion,No
Guang Pu Xue Yu Guang Pu Fen Xi/Spectroscopy and Spectral Analysis,0.203 ,Q4,29,592,2040,https://www.scimagojr.com/journalsearch.php?q=29686&tip=sid&clean=0,Sin informacion,No
Liquid Crystals Today,0.203 ,Q4,14,15,55,https://www.scimagojr.com/journalsearch.php?q=19700187636&tip=sid&clean=0,1358-314X/1464-5181,C
Sensors and Materials,0.203 ,Q4,25,340,598,http://www.myu-inc.jp/myukk/S&M/,0914-4935,B
International Journal of Nanoscience,0.202 ,Q4,24,135,150,https://www.worldscientific.com/worldscinet/ijn,0219-581X/1793-5350,B
Materials Performance,0.202 ,Q4,25,26,310,http://www.materialsperformance.com/,Sin informacion,No
e-Journal of Surface Science and Nanotechnology,0.200 ,Q4,21,26,159,https://www.jstage.jst.go.jp/browse/ejssnt/,Sin informacion,No
Europhysics News,0.200 ,Q4,14,22,69,http://www.europhysicsnews.org/,0531-7479/1432-1092,C
New Physics: Sae Mulli,0.200 ,Q4,6,180,645,http://www.npsm-kps.org/main.html,Sin informacion,No
Papers in Physics,0.200 ,Q4,8,7,25,https://www.papersinphysics.org/index.php/papersinphysics/issue/archive,1852-4249,B
Ranshao Kexue Yu Jishu/Journal of Combustion Science and Technology,0.199 ,Q4,17,78,256,http://rskxyjs.periodicals.net.cn/default.html,Sin informacion,No
"Zairyo/Journal of the Society of Materials Science, Japan",0.199 ,Q4,23,144,502,http://www.jstage.jst.go.jp/browse/jsms/,Sin informacion,No
Fundamentalnaya i Prikladnaya Gidrofizika,0.198 ,Q4,3,45,75,http://hydrophysics.info/?lang=en,2073-6673,B
Journal of Magnetics,0.198 ,Q4,13,108,302,http://komag.org/journal/,1226-1750/2233-6656,B
Kinematics and Physics of Celestial Bodies,0.198 ,Q4,9,26,96,https://www.scimagojr.com/journalsearch.php?q=19700173017&tip=sid&clean=0,0884-5913/1934-8401,C
Computational Thermal Sciences,0.197 ,Q4,15,33,107,https://www.scimagojr.com/journalsearch.php?q=19700186875&tip=sid&clean=0,1940-2503/1940-2554,B
Journal of Ovonic Research,0.197 ,Q4,10,45,128,https://www.scimagojr.com/journalsearch.php?q=21100206004&tip=sid&clean=0,1584-9953/1842-2403,C
Journal of Condensed Matter Nuclear Science,0.196 ,Q4,4,50,106,http://www.iscmns.org/CMNS/CMNS.htm,2227-3123,C
Surface Review and Letters,0.196 ,Q4,42,235,390,http://www.worldscinet.com/srl/srl.shtml,0218-625X/1793-6667,C
Journal of Visualization,0.195 ,Q4,27,92,221,http://www.springer.com/engineering/journal/12650,1343-8875/1386-6478,B
"Scientia Sinica: Physica, Mechanica et Astronomica",0.195 ,Q4,8,134,418,http://engine.scichina.com/publisher/scp/journal/SSPMA?slug=abstracts,Sin informacion,No
Taiyangneng Xuebao/Acta Energiae Solaris Sinica,0.195 ,Q4,26,471,1445,http://en.cnki.com.cn/Journal_en/C-C041-TYLX.htm,Sin informacion,No
Journal of Mechanical Engineering Research and Developments,0.194 ,Q4,11,161,299,https://www.scimagojr.com/journalsearch.php?q=20980&tip=sid&clean=0,1024-1752,B
Journal of Nano Research,0.192 ,Q4,22,57,299,https://www.scientific.net/JNanoR/Details,1661-9897/1662-5250,B
SEAISI Quarterly (South East Asia Iron and Steel Institute),0.192 ,Q4,7,0,27,https://www.scimagojr.com/journalsearch.php?q=28361&tip=sid&clean=0,Sin informacion,No
Indian Journal of Pure and Applied Physics,0.191 ,Q4,38,1286,287,http://op.niscair.res.in/index.php/IJPAP/index,0019-5596/0975-1041,A2
NeuroQuantology,0.191 ,Q4,17,94,521,https://www.scimagojr.com/journalsearch.php?q=11600154151&tip=sid&clean=0,1303-5150,C
Bulgarian Astronomical Journal,0.189 ,Q4,4,14,45,http://www.astro.bas.bg/AIJ/,1313-2709/1314-5592,C
Eurasian Chemico-Technological Journal,0.188 ,Q4,7,46,118,http://ect-journal.kz/index.php/ectj,Sin informacion,No
Nihon Reoroji Gakkaishi,0.188 ,Q4,15,25,110,https://www.scimagojr.com/journalsearch.php?q=84340&tip=sid&clean=0,0387-1533,B
Acta IMEKO,0.187 ,Q4,10,48,184,https://acta.imeko.org/index.php/acta-imeko,0237-028X/2221-870X,B
Progress in Computational Fluid Dynamics,0.187 ,Q4,27,33,105,https://www.inderscience.com/jhome.php?jcode=pcfd,1468-4349/1741-5233,C
Laser and Optoelectronics Progress,0.186 ,Q4,7,684,414,http://www.opticsjournal.net/Journals/lopen.htm,1006-4125,B
Praktische Metallographie/Practical Metallography,0.186 ,Q4,16,44,179,http://www.practical-metallography.com/web/o_archiv.asp?task=04&o_id=2008100911513-122&navid=0,Sin informacion,No
Yadian Yu Shengguang/Piezoelectrics and Acoustooptics,0.186 ,Q4,12,167,663,https://www.scimagojr.com/journalsearch.php?q=19824&tip=sid&clean=0,Sin informacion,No
Iranian Journal of Physics Research,0.185 ,Q4,5,79,227,https://ijpr.iut.ac.ir/,1682-6957,C
Journal of Chemical Crystallography,0.184 ,Q4,33,77,108,http://www.springer.com/chemistry/organic+chemistry/journal/10870,1074-1542/1572-8854,B
Acoustical Science and Technology,0.183 ,Q4,35,54,161,https://acoustics.jp/en/ast/,1346-3969/1347-5177,C
Acta Scientiarum - Technology,0.183 ,Q4,15,60,195,http://periodicos.uem.br/ojs/index.php/ActaSciTechnol/index,Sin informacion,No
Cailiao Rechuli Xuebao/Transactions of Materials and Heat Treatment,0.183 ,Q4,19,286,1050,http://www.mhtcn.org/WKD/WebPublication/wkTextContent.aspx?navigationContentID=&mid=jscl,Sin informacion,No
Multiphase Science and Technology,0.183 ,Q4,21,22,29,http://www.begellhouse.com/journals/5af8c23d50e0a883.html,0276-1459,A2
Nuclear and Particle Physics Proceedings,0.183 ,Q4,74,28,984,https://www.journals.elsevier.com/nuclear-and-particle-physics-proceedings,2405-6014,C
Revista Mexicana de Fisica,0.183 ,Q4,24,40,178,https://www.scimagojr.com/journalsearch.php?q=29758&tip=sid&clean=0,0035-001X,C
Serbian Astronomical Journal,0.182 ,Q4,13,11,29,https://www.scimagojr.com/journalsearch.php?q=7100153115&tip=sid&clean=0,1450-698X/1820-9289,C
Fiber and Integrated Optics,0.181 ,Q4,26,22,70,http://www.tandf.co.uk/journals/titles/01468030.asp,0146-8030/1096-4681,C
Metallurgia Italiana,0.181 ,Q4,13,85,241,https://www.scimagojr.com/journalsearch.php?q=27349&tip=sid&clean=0,Sin informacion,No
Noise and Vibration Worldwide,0.180 ,Q4,14,29,50,http://www.multi-science.co.uk/nvww.htm,0957-4565,B
Acta Crystallographica Section E: Crystallographic Communications,0.179 ,Q4,11,393,1319,https://journals.iucr.org/e/,Sin informacion,No
Bulletin of the Lebedev Physics Institute,0.179 ,Q4,11,98,260,https://www.scimagojr.com/journalsearch.php?q=19700173016&tip=sid&clean=0,1068-3356/1934-838X,C
Guangxue Jishu/Optical Technique,0.179 ,Q4,18,112,360,http://www.opticsjournal.net/Journals/gxjs.htm,Sin informacion,No
International Journal of Navigation and Observation,0.179 ,Q4,17,0,8,https://www.scimagojr.com/journalsearch.php?q=19900191988&tip=sid&clean=0,1687-5990/1687-6008,A2
Main Group Metal Chemistry,0.179 ,Q4,25,21,67,http://www.freundpublishing.com/Main_Group_Metal_Chemistry/MainAimsScope.htm,0792-1241/2191-0219,B
Measurement Techniques,0.178 ,Q4,17,170,653,http://www.springer.com/physics/journal/11018,0543-1972/1573-8906,C
"Optoelectronics, Instrumentation and Data Processing",0.177 ,Q4,8,87,257,https://www.scimagojr.com/journalsearch.php?q=68682&tip=sid&clean=0,Sin informacion,No
High Temperature Material Processes,0.176 ,Q4,18,13,76,https://www.begellhouse.com/journals/high-temperature-material-processes.html,1093-3611/1940-4360,A2
"AAPP Atti della Accademia Peloritana dei Pericolanti, Classe di Scienze Fisiche, Matematiche e Naturali",0.174 ,Q4,10,71,73,http://cab.unime.it/journals/index.php/AAPP/index,Sin informacion,No
International Journal of Nanoparticles,0.174 ,Q4,13,20,44,https://www.scimagojr.com/journalsearch.php?q=19400157268&tip=sid&clean=0,1753-2507/1753-2515,C
Journal of Applied Spectroscopy,0.174 ,Q4,23,181,549,http://www.springer.com/physics/atomic%2C+molecular%2C+optical+%26+plasma+physics/journal/10812,0021-9037/1573-8647,C
"Acta Physica Polonica B, Proceedings Supplement",0.173 ,Q4,17,125,388,https://www.scimagojr.com/journalsearch.php?q=19700174662&tip=sid&clean=0,Sin informacion,No
Fizika Nizkikh Temperatur,0.173 ,Q4,21,175,522,https://fnte.ilt.kharkov.ua/,0132-6414/1816-0328,C
Turkish Journal of Physics,0.173 ,Q4,25,61,163,http://journals.tubitak.gov.tr/physics/index.htm;jsessionid=19454F89CFE3534F2B2B7E56193C5824,1300-0101/1303-6122,C
"EUREKA, Physics and Engineering",0.172 ,Q4,2,50,1,https://www.scimagojr.com/journalsearch.php?q=21100912212&tip=sid&clean=0,Sin informacion,No
"Discontinuity, Nonlinearity, and Complexity",0.171 ,Q4,10,37,107,https://www.lhscientificpublishing.com/journals/DNC-Default.aspx,Sin informacion,No
Revista de Metalurgia,0.171 ,Q4,17,18,76,http://revistademetalurgia.revistas.csic.es/index.php/revistademetalurgia,0034-8570/1988-4222,B
Journal of Chinese Mass Spectrometry Society,0.170 ,Q4,6,61,233,https://www.scimagojr.com/journalsearch.php?q=21100241716&tip=sid&clean=0,1004-2997,C
Proceedings of the Indian National Science Academy,0.168 ,Q4,15,1,253,http://insajournal.in/insaojs/index.php/proceedings,0370-0046,C
Chinese Journal of Luminescence,0.167 ,Q4,15,193,723,http://www.fgxb.org/,1000-7032,C
Lasers in Engineering,0.167 ,Q4,16,76,237,http://www.oldcitypublishing.com/LIE/LIE.html,0898-1507/1029-029X,B
Journal of Mathematical and Fundamental Sciences,0.166 ,Q4,10,23,72,http://journals.itb.ac.id/index.php/jmfs,2337-5760,B
Nami Jishu yu Jingmi Gongcheng/Nanotechnology and Precision Engineering,0.166 ,Q4,12,26,198,https://www.scimagojr.com/journalsearch.php?q=4500151512&tip=sid&clean=0,Sin informacion,No
Gaoya Wuli Xuebao/Chinese Journal of High Pressure Physics,0.165 ,Q4,13,124,309,https://www.scimagojr.com/journalsearch.php?q=14373&tip=sid&clean=0,Sin informacion,No
Journal of Computational and Theoretical Nanoscience,0.165 ,Q4,47,846,2871,https://www.scimagojr.com/journalsearch.php?q=28136&tip=sid&clean=0,1546-1955/1546-1963,C
Journal of Optical Communications,0.165 ,Q4,14,180,325,https://www.degruyter.com/view/j/joc,0173-4911/2191-6322,C
Latvian Journal of Physics and Technical Sciences,0.165 ,Q4,8,35,130,https://www.degruyter.com/view/j/lpts.2018.55.issue-4/issue-files/lpts.2018.55.issue-4.xml,0868-8257,B
"Strength, Fracture and Complexity",0.165 ,Q4,11,4,39,http://www.iospress.nl/loadtop/load.php?isbn=15672069,Sin informacion,No
Applied Computational Electromagnetics Society Newsletter,0.164 ,Q4,14,2,22,https://www.scimagojr.com/journalsearch.php?q=13216&tip=sid&clean=0,Sin informacion,No
Dalian Ligong Daxue Xuebao/Journal of Dalian University of Technology,0.162 ,Q4,16,88,284,http://www.ceps.com.tw/ec/ecSvcErr.aspx?errmsg=502,Sin informacion,No
Journal for the History of Astronomy,0.162 ,Q4,16,22,59,http://www.shpltd.co.uk/jha.html,0021-8286/1753-8556,B
Information Bulletin on Variable Stars,0.160 ,Q4,14,15,95,https://www.scimagojr.com/journalsearch.php?q=5700165169&tip=sid&clean=0,0374-0676/1587-2440,C
Applied Physics,0.159 ,Q4,6,88,202,http://applphys.orion-ir.ru/index-e.htm,1996-0948,C
High Temperatures - High Pressures,0.159 ,Q4,27,33,105,http://journals.sfu.ca/hthp/index.php/hthp,Sin informacion,No
Kung Cheng Je Wu Li Hsueh Pao/Journal of Engineering Thermophysics,0.159 ,Q4,22,426,1342,https://www.scimagojr.com/journalsearch.php?q=28516&tip=sid&clean=0,Sin informacion,No
Majlesi Journal of Electrical Engineering,0.159 ,Q4,5,39,103,http://mjee.iaumajlesi.ac.ir/index/index.php/ee,2345-377X/2345-3796,C
Physics in Perspective,0.159 ,Q4,14,15,48,http://www.springer.com/birkhauser/physics/journal/16,1422-6944/1422-6960,A2
Sensor Letters (discontinued),0.159 ,Q4,32,0,284,https://www.scimagojr.com/journalsearch.php?q=19201&tip=sid&clean=0,Sin informacion,No
Atom Indonesia,0.158 ,Q4,3,27,53,http://aij.batan.go.id/index.php/aij,2356-5322,C
IFRF Combustion Journal,0.158 ,Q4,4,0,3,http://www.journal.ifrf.net/index.html,2075-3071,C
International Journal of Electronics Letters,0.158 ,Q4,7,84,139,https://www.tandfonline.com/toc/tetl20/current,2168-1724/2168-1732,C
International Journal of Fluid Mechanics Research,0.158 ,Q4,18,37,109,https://www.begellhouse.com/journals/71cb29ca5b40f8f8,1064-2277/2152-5102,C
Journal of Surface Science and Technology,0.158 ,Q4,16,17,46,http://www.informaticsjournals.com/index.php/jsst,0970-1893/0976-9420,C
International Journal of Microwave Science and Technology,0.155 ,Q4,10,0,8,https://www.scimagojr.com/journalsearch.php?q=19900193584&tip=sid&clean=0,Sin informacion,No
Canadian Acoustics - Acoustique Canadienne,0.154 ,Q4,19,51,269,http://caa-aca.ca/old_site/E/index.htm,Sin informacion,No
Isi Bilimi Ve Teknigi Dergisi/ Journal of Thermal Science and Technology,0.153 ,Q4,10,9,65,http://tibtd.org.tr/en/journal/,Sin informacion,No
JP Journal of Heat and Mass Transfer,0.153 ,Q4,9,103,176,http://www.pphmj.com/journals/jphmt.htm,0973-5763,C
Revista Materia,0.153 ,Q4,12,246,599,http://www.materia.coppe.ufrj.br/,1517-7076,C
Revista Mexicana de Fisica E,0.153 ,Q4,8,29,59,https://rmf.smf.mx/ojs/rmf,1870-3542,C
Acta Physica Slovaca,0.152 ,Q4,31,0,7,https://www.scimagojr.com/journalsearch.php?q=26938&tip=sid&clean=0,0323-0465/1336-040X,C
Zeitschrift fur Kristallographie - New Crystal Structures,0.152 ,Q4,35,529,1138,http://www.oldenbourg-wissenschaftsverlag.de/olb/de/1.c.335325.de,Sin informacion,No
Journal of Physical Studies,0.151 ,Q4,10,43,74,https://www.scimagojr.com/journalsearch.php?q=145506&tip=sid&clean=0,1027-4642/2310-0052,C
Electronic Journal of Theoretical Physics,0.150 ,Q4,12,0,44,http://www.ejtp.com/,1729-5254,C
Science and Technology of Energetic Materials (discontinued),0.150 ,Q4,14,0,35,http://www.jes.or.jp/mag_eng/index.html,Sin informacion,No
African Review of Physics,0.149 ,Q4,9,23,70,https://www.scimagojr.com/journalsearch.php?q=21100211750&tip=sid&clean=0,2223-6589,C
International Journal of Geoinformatics,0.149 ,Q4,9,34,106,http://journals.sfu.ca/ijg/index.php/journal/index,1686-6576,C
Ukrainian Journal of Physics,0.149 ,Q4,15,140,383,http://ujphys.bitp.kiev.ua/en,2071-0186/2071-0194,C
Chiang Mai Journal of Science,0.148 ,Q4,18,97,557,http://epg.science.cmu.ac.th/ejournal/,0125-2526,C
Ecletica Quimica,0.148 ,Q4,18,25,50,https://www.scimagojr.com/journalsearch.php?q=23521&tip=sid&clean=0,0100-4670,C
Optica Pura y Aplicada,0.147 ,Q4,10,32,117,https://www.scimagojr.com/journalsearch.php?q=9000153103&tip=sid&clean=0,0030-3917,B
Instrumentation Mesure Metrologie,0.146 ,Q4,4,80,76,https://www.scimagojr.com/journalsearch.php?q=21100201515&tip=sid&clean=0,1631-4670,B
Tribologia: Finnish Journal of Tribology,0.146 ,Q4,7,0,14,https://www.scimagojr.com/journalsearch.php?q=70859&tip=sid&clean=0,Sin informacion,No
Johns Hopkins APL Technical Digest (Applied Physics Laboratory),0.143 ,Q4,32,14,49,http://techdigest.jhuapl.edu/,Sin informacion,No
Vakuum in Forschung und Praxis,0.142 ,Q4,13,34,171,http://www3.interscience.wiley.com/journal/60500245/home,0947-076X/1522-2454,C
Emerging Materials Research,0.141 ,Q4,5,19,105,https://www.icevirtuallibrary.com/toc/jemmr/current,2046-0147/2046-0155,C
"Advances in Science, Technology and Engineering Systems",0.139 ,Q4,7,295,647,https://www.scimagojr.com/journalsearch.php?q=21100898760&tip=sid&clean=0,Sin informacion,No
International Journal of Nano and Biomaterials,0.139 ,Q4,11,21,37,https://www.inderscience.com/jhome.php?jcode=ijnbm,1752-8933/1752-8941,C
Malaysian Journal of Microscopy,0.139 ,Q4,3,16,30,https://malaysianjournalofmicroscopy.org/ojs/index.php/mjm/index,1823-7010,C
Research Journal of Applied Sciences (discontinued),0.137 ,Q4,16,0,202,https://www.scimagojr.com/journalsearch.php?q=17600155110&tip=sid&clean=0,Sin informacion,No
International Journal of Thin Film Science and Technology,0.136 ,Q4,2,21,13,https://www.scimagojr.com/journalsearch.php?q=21100900149&tip=sid&clean=0,2090-9519/2090-9527,C
International Journal of Electrical and Electronic Engineering and Telecommunications,0.135 ,Q4,3,57,56,http://www.ijeetc.com/,2319-2518,C
Astronomy and Geophysics,0.134 ,Q4,19,75,283,http://www.wiley.com/bw/journal.asp?ref=1366-8781,1366-8781/1468-4004,C
Tribologie und Schmierungstechnik,0.133 ,Q4,9,46,154,https://www.scimagojr.com/journalsearch.php?q=14370&tip=sid&clean=0,0724-3472,C
Metall,0.132 ,Q4,12,60,115,http://www.giesel-verlag.de/english/metall.htm,0026-0746,C
Chinese Astronomy and Astrophysics,0.130 ,Q4,11,29,123,http://www.elsevier.com/wps/find/journaldescription.cws_home/585/description#description,0275-1062,C
EARSeL eProceedings,0.130 ,Q4,2,0,7,http://www.eproceedings.org/,1729-3782,C
Electronics and Communications in Japan,0.130 ,Q4,12,83,306,https://www.scimagojr.com/journalsearch.php?q=19700188800&tip=sid&clean=0,1942-9533/1942-9541,C
Observatory,0.128 ,Q4,13,24,52,https://www.scimagojr.com/journalsearch.php?q=27764&tip=sid&clean=0,0029-7704,C
Sound and Vibration,0.127 ,Q4,31,0,77,https://www.scimagojr.com/journalsearch.php?q=21736&tip=sid&clean=0,Sin informacion,No
Acta Microscopica,0.126 ,Q4,5,218,40,https://www.scimagojr.com/journalsearch.php?q=19600157209&tip=sid&clean=0,0798-4545/2224-8927,C
Czechoslovak Journal of Physics,0.125 ,Q4,35,0,1,https://www.scimagojr.com/journalsearch.php?q=27480&tip=sid&clean=0,Sin informacion,No
Journal of Coatings Technology,0.125 ,Q4,34,0,1,https://www.scimagojr.com/journalsearch.php?q=38340&tip=sid&clean=0,Sin informacion,No
Philosophical Magazine,0.125 ,Q4,0,0,1,https://www.tandfonline.com/loi/tphm20,Sin informacion,No
Transactions of the SAEST (Society for Advancement of Electrochemical Science and Technology),0.125 ,Q4,11,0,1,https://www.scimagojr.com/journalsearch.php?q=25238&tip=sid&clean=0,Sin informacion,No
Journal of Advanced Microscopy Research,0.124 ,Q4,10,0,128,https://www.scimagojr.com/journalsearch.php?q=21100202744&tip=sid&clean=0,2156-7573/2156-7581,C
"Modelling, Measurement and Control B (discontinued)",0.124 ,Q4,9,0,88,https://www.scimagojr.com/journalsearch.php?q=28515&tip=sid&clean=0,Sin informacion,No
Nuovo Cimento della Societa Italiana di Fisica C,0.124 ,Q4,23,201,528,https://www.scimagojr.com/journalsearch.php?q=15400155600&tip=sid&clean=0,1826-9885/2037-4909,C
Baghdad Science Journal,0.123 ,Q4,4,134,167,http://bsj.uobaghdad.edu.iq/index.php/BSJ,2078-8665/2411-7986,C
Gongneng Cailiao/Journal of Functional Materials,0.122 ,Q4,16,434,1578,http://www.ceps.com.tw/ec/ecJnlIntro.aspx?Jnliid=2091,Sin informacion,No
Laser Focus World,0.122 ,Q4,20,0,35,https://www.scimagojr.com/journalsearch.php?q=12210&tip=sid&clean=0,Sin informacion,No
Photonics Spectra,0.122 ,Q4,17,0,173,https://www.scimagojr.com/journalsearch.php?q=12865&tip=sid&clean=0,Sin informacion,No
Revista Cubana de Fisica,0.122 ,Q4,6,13,114,https://www.scimagojr.com/journalsearch.php?q=20000195056&tip=sid&clean=0,0253-9268/2224-7939,C
Telfor Journal,0.121 ,Q4,3,20,69,http://journal.telfor.rs/Public/Home.aspx,1821-3251/2334-9905,B
Shengxue Xuebao/Acta Acustica,0.120 ,Q4,18,116,308,http://english.ioa.cas.cn/sp/200907/t20090703_19561.html,Sin informacion,No
Toraibarojisuto/Journal of Japanese Society of Tribologists,0.119 ,Q4,10,82,394,http://www.tribology.jp/henshu/journal.htm,Sin informacion,No
Hejubian Yu Dengliziti Wuli/Nuclear Fusion and Plasma Physics,0.118 ,Q4,8,29,220,https://www.scimagojr.com/journalsearch.php?q=28991&tip=sid&clean=0,Sin informacion,No
Physics Research International,0.118 ,Q4,12,0,13,https://www.scimagojr.com/journalsearch.php?q=19700181228&tip=sid&clean=0,Sin informacion,No
Anales de la Asociacion Fisica Argentina,0.116 ,Q4,1,4,30,https://www.scimagojr.com/journalsearch.php?q=21100896996&tip=sid&clean=0,1850-1168,C
Journal of Statistics Applications and Probability,0.116 ,Q4,2,20,40,https://www.scimagojr.com/journalsearch.php?q=21100898973&tip=sid&clean=0,2090-8423/2090-8431,C
Mediterranean Journal of Measurement and Control,0.116 ,Q4,7,0,24,https://www.scimagojr.com/journalsearch.php?q=4000149004&tip=sid&clean=0,Sin informacion,No
Advances in Optical Technologies,0.115 ,Q4,25,0,15,https://www.scimagojr.com/journalsearch.php?q=19700173247&tip=sid&clean=0,Sin informacion,No
Annales de la Fondation Louis de Broglie,0.115 ,Q4,15,0,34,https://www.scimagojr.com/journalsearch.php?q=27951&tip=sid&clean=0,0182-4295,C
Journal of Flow Visualization and Image Processing,0.115 ,Q4,12,10,59,https://www.begellhouse.com/journals/flow-visualization-and-image-processing.html,1065-3090,C
Tezhong Zhuzao Ji Youse Hejin/Special Casting and Nonferrous Alloys,0.115 ,Q4,8,325,1108,https://www.scimagojr.com/journalsearch.php?q=28481&tip=sid&clean=0,Sin informacion,No
"Annals of the University of Craiova, Physics",0.114 ,Q4,7,9,31,https://www.scimagojr.com/journalsearch.php?q=19400158438&tip=sid&clean=0,Sin informacion,No
Zhuzao/Foundry,0.114 ,Q4,13,224,704,http://zz.periodicals.net.cn/default.html,Sin informacion,No
Akusticheskij Zhurnal,0.113 ,Q4,10,0,2,https://www.scimagojr.com/journalsearch.php?q=12943&tip=sid&clean=0,Sin informacion,No
Hedianzixue Yu Tance Jishu/Nuclear Electronics and Detection Technology,0.113 ,Q4,8,24,720,https://www.scimagojr.com/journalsearch.php?q=28989&tip=sid&clean=0,Sin informacion,No
He-Huaxue yu Fangshe Huaxue/Journal of Nuclear and Radiochemistry,0.113 ,Q4,7,67,181,https://www.scimagojr.com/journalsearch.php?q=63769&tip=sid&clean=0,Sin informacion,No
Jordan Journal of Physics,0.112 ,Q4,1,17,26,https://www.scimagojr.com/journalsearch.php?q=21100871853&tip=sid&clean=0,1994-7607/1994-7615,C
Larmbekampfung (discontinued),0.112 ,Q4,5,0,70,https://www.scimagojr.com/journalsearch.php?q=6300153113&tip=sid&clean=0,Sin informacion,No
Rengong Jingti Xuebao/Journal of Synthetic Crystals,0.112 ,Q4,14,369,1385,http://rgjtxb.periodicals.net.cn/default.html,Sin informacion,No
Astronomical and Astrophysical Transactions,0.110 ,Q4,1,1,48,http://www.aaptr.com/,1055-6796/1476-3540,C
Physics Essays (discontinued),0.110 ,Q4,14,0,157,https://physicsessays.org/,Sin informacion,No
Furukawa Review,0.109 ,Q4,12,0,42,https://www.scimagojr.com/journalsearch.php?q=16742&tip=sid&clean=0,0911-9280/1348-1797,C
Journal of the Vacuum Society of Japan,0.109 ,Q4,6,0,153,https://www.scimagojr.com/journalsearch.php?q=19700175211&tip=sid&clean=0,Sin informacion,No
"Atomic Energy of Canada Limited, AECL (Report)",0.108 ,Q4,0,0,3,https://www.scimagojr.com/journalsearch.php?q=29349&tip=sid&clean=0,Sin informacion,No
Indian Journal of Radio and Space Physics,0.108 ,Q4,20,0,27,http://op.niscair.res.in/index.php/IJRSP/index,0367-8393,C
Journal of Nuclear Energy Science and Power Generation Technology,0.108 ,Q4,0,0,3,https://www.scimagojr.com/journalsearch.php?q=21100875478&tip=sid&clean=0,2325-9809,C
"Nihon Kikai Gakkai Ronbunshu, B Hen/Transactions of the Japan Society of Mechanical Engineers, Part B",0.108 ,Q4,19,0,3,https://www.scimagojr.com/journalsearch.php?q=110131&tip=sid&clean=0,Sin informacion,No
Pakistan Journal of Scientific and Industrial Research Series A: Physical Sciences,0.107 ,Q4,4,0,79,https://www.pjsir.org/,Sin informacion,No
Zhenkong Kexue yu Jishu Xuebao/Journal of Vacuum Science and Technology,0.107 ,Q4,11,183,636,https://www.scimagojr.com/journalsearch.php?q=22179&tip=sid&clean=0,Sin informacion,No
Acustica,0.106 ,Q4,39,0,4,https://www.scimagojr.com/journalsearch.php?q=110306&tip=sid&clean=0,Sin informacion,No
"Modelling, Measurement and Control A (discontinued)",0.105 ,Q4,6,0,72,https://www.scimagojr.com/journalsearch.php?q=28513&tip=sid&clean=0,Sin informacion,No
Statistica e Applicazioni,0.105 ,Q4,2,0,14,http://statisticaeapplicazioni.vitaepensiero.it/,1824-6672/2283-6659,C
TB - Mitteilungen Forschen und Prufen,0.105 ,Q4,9,0,77,https://www.scimagojr.com/journalsearch.php?q=15940&tip=sid&clean=0,Sin informacion,No
Naihuo Cailiao/Refractories,0.104 ,Q4,8,78,163,http://nhcl.periodicals.net.cn/default.html,Sin informacion,No
Physics World,0.104 ,Q4,40,296,212,https://www.scimagojr.com/journalsearch.php?q=29245&tip=sid&clean=0,Sin informacion,No
Stahl und Eisen,0.104 ,Q4,15,82,322,https://www.scimagojr.com/journalsearch.php?q=28413&tip=sid&clean=0,Sin informacion,No
Chung Cheng Ling Hsueh Pao/Journal of Chung Cheng Institute of Technology,0.103 ,Q4,6,0,60,https://www.scimagojr.com/journalsearch.php?q=65449&tip=sid&clean=0,Sin informacion,No
Journal of Thermoelectricity,0.103 ,Q4,3,0,124,https://www.scimagojr.com/journalsearch.php?q=21100260918&tip=sid&clean=0,1607-8829,C
Physicist,0.103 ,Q4,4,27,17,https://www.scimagojr.com/journalsearch.php?q=67235&tip=sid&clean=0,1036-3831,C
Review of High Pressure Science and Technology/Koatsuryoku No Kagaku To Gijutsu,0.103 ,Q4,17,33,123,http://www.jstage.jst.go.jp/browse/jshpreview,Sin informacion,No
Advanced Studies in Theoretical Physics (discontinued),0.102 ,Q4,17,0,29,http://www.m-hikari.com/astp/,Sin informacion,No
Radiatsionnaya Biologiya Radioekologiya,0.102 ,Q4,16,0,23,http://www.maik.ru/cgi-perl/journal.pl?lang=eng&name=radbio,Sin informacion,No
CoatingsTech,0.101 ,Q4,10,9,49,https://www.paint.org/coatings-tech/september-2019/,Sin informacion,No
Guti Dianzixue Yanjiu Yu Jinzhan/Research and Progress of Solid State Electronics,0.101 ,Q4,6,86,272,https://www.scimagojr.com/journalsearch.php?q=25512&tip=sid&clean=0,Sin informacion,No
InTech,0.101 ,Q4,5,60,180,https://www.isa.org/standards-and-publications/isa-publications/intech-magazine/,Sin informacion,No
"International Journal of Science, Mathematics and Technology Learning",0.101 ,Q4,2,5,26,https://cgscholar.com/bookstore/cgrn/242/252,Sin informacion,No
KronoScope,0.101 ,Q4,7,10,34,http://www.brill.nl/default.aspx?partid=212&pid=9587,Sin informacion,No
Nanotechnology Perceptions,0.101 ,Q4,9,8,49,http://www.nano-ntp.com/,1660-6795/2235-2074,C
Solid State Technology,0.101 ,Q4,25,0,19,http://solidstatetechnology.us/,Sin informacion,No
Test Engineering and Management,0.101 ,Q4,5,317,31,https://www.scimagojr.com/journalsearch.php?q=12997&tip=sid&clean=0,Sin informacion,No
Acoustics Bulletin,0.100 ,Q4,9,0,115,https://www.scimagojr.com/journalsearch.php?q=12938&tip=sid&clean=0,0308-437X,C
LIA Today,0.100 ,Q4,3,0,116,https://www.scimagojr.com/journalsearch.php?q=58070&tip=sid&clean=0,Sin informacion,No
Lighting Design and Application: LD and A,0.100 ,Q4,4,79,200,https://www.scimagojr.com/journalsearch.php?q=18105&tip=sid&clean=0,Sin informacion,No
New Electronics,0.100 ,Q4,2,0,421,https://www.scimagojr.com/journalsearch.php?q=26741&tip=sid&clean=0,Sin informacion,No
Steel Times International,0.100 ,Q4,8,59,121,https://www.steeltimesint.com/,Sin informacion,No
